{
  "Brand": {
    "precision": 1.0,
    "recall": 1.0,
    "f1-score": 1.0,
    "support": 20,
    "confused_with": {}
  },
  "Subcategories": {
    "precision": 0.9090909090909091,
    "recall": 1.0,
    "f1-score": 0.9523809523809523,
    "support": 10,
    "confused_with": {}
  },
  "categories": {
    "precision": 1.0,
    "recall": 0.9523809523809523,
    "f1-score": 0.975609756097561,
    "support": 21,
    "confused_with": {
      "Subcategories": 1
    }
  },
  "Price": {
    "precision": 1.0,
    "recall": 1.0,
    "f1-score": 1.0,
    "support": 24,
    "confused_with": {}
  },
  "micro avg": {
    "precision": 0.9866666666666667,
    "recall": 0.9866666666666667,
    "f1-score": 0.9866666666666668,
    "support": 75
  },
  "macro avg": {
    "precision": 0.9772727272727273,
    "recall": 0.9880952380952381,
    "f1-score": 0.9819976771196284,
    "support": 75
  },
  "weighted avg": {
    "precision": 0.9878787878787879,
    "recall": 0.9866666666666667,
    "f1-score": 0.9868215253581109,
    "support": 75
  },
  "accuracy": 0.999388379204893
}